id,register_number,first_name,last_name,telephone_number,address,email
1,LET331,Avivah,Mathivon,1146391606,1 Algoma Road,amathivon0@feedburner.com
2,CQF452,Anna-maria,Burdfield,2874727162,692 Karstens Road,aburdfield1@1688.com
3,YWK632,Ramsay,Burwell,2613504903,2 Waxwing Center,rburwell2@desdev.cn
4,YSA307,Aurie,Dart,2531098960,3 Atwood Hill,adart3@businessinsider.com
5,AZD769,Horten,Capper,4005442166,215 Debs Street,hcapper4@reddit.com
6,HYK602,Kamillah,Kolodziej,2407028778,171 Fulton Way,kkolodziej5@npr.org
7,OLU806,Haywood,Woodruffe,5939263813,1813 Hermina Park,hwoodruffe6@huffingtonpost.com
8,VVO408,Akim,Demageard,4392917653,1011 Luster Pass,ademageard7@etsy.com
9,FRS795,Felizio,Beldam,3068960075,79 Anhalt Point,fbeldam8@utexas.edu
10,NMJ802,Mile,Laherty,2962695084,5415 Nova Parkway,mlaherty9@wufoo.com
11,EQK570,Bald,Wingeat,8781540223,4 Elmside Way,bwingeata@bloglines.com
12,UQM472,Shep,Chatwin,9788037913,5 Pennsylvania Center,schatwinb@imgur.com
13,YOV678,Lilllie,Swetman,5336002852,85 Spohn Drive,lswetmanc@nytimes.com
14,GSE673,Vance,Schettini,6406358015,09624 Moose Way,vschettinid@ucla.edu
15,FVY962,Priscilla,Carlyon,4308486089,1 Thompson Avenue,pcarlyone@yelp.com
16,TEA947,Heath,Peddel,4979218430,55 Twin Pines Plaza,hpeddelf@goodreads.com
17,NXM289,Rube,Trotton,3253607376,9 Moland Parkway,rtrottong@jalbum.net
18,VEG826,Carlene,Clemonts,8732022582,96410 Lien Trail,cclemontsh@github.io
19,IUR140,Ailyn,Scones,3367244401,4 Darwin Hill,asconesi@naver.com
20,ZHN729,Sisely,MacBarron,8103232050,6 Kipling Place,smacbarronj@is.gd
21,TRS804,Arlen,Gayton,1951831695,823 Spaight Place,agaytonk@msu.edu
22,CIB356,Matthiew,Garrie,6811387248,008 School Way,mgarriel@flavors.me
23,TYO003,Petey,Markova,4556302526,30 Prentice Park,pmarkovam@1und1.de
24,LBX715,Nappie,Maliphant,7028319672,026 Hollow Ridge Pass,nmaliphantn@51.la
25,YEJ392,Syman,Hanway,7498515164,06 Westerfield Street,shanwayo@g.co
26,EWP507,Blinny,Zannotti,2854105932,9466 Carey Circle,bzannottip@squidoo.com
27,SWE564,Concettina,Highnam,3105305935,3100 Drewry Lane,chighnamq@youtu.be
28,LPI790,Arlie,Stork,5246113600,3 Clyde Gallagher Road,astorkr@creativecommons.org
29,FQK205,Thorsten,Bridgestock,1076010098,691 Hudson Center,tbridgestocks@themeforest.net
30,NUR159,Kerry,Diehn,8103628515,8060 Lien Court,kdiehnt@census.gov
31,BNQ742,Cull,Di Biagi,3823896122,63467 Jay Parkway,cdibiagiu@pinterest.com
32,BWH942,Marcos,Swanton,5715168278,6051 Judy Circle,mswantonv@ucsd.edu
33,FEF808,Roderigo,Figgs,3459355984,14 Harbort Alley,rfiggsw@4shared.com
34,KIT616,Josy,McAllester,3165757370,93882 Gulseth Court,jmcallesterx@cmu.edu
35,OTS171,Gilda,Jagielski,1103681582,820 Arrowood Way,gjagielskiy@abc.net.au
36,LNX865,Elisabetta,Robel,6887444650,4 Carey Avenue,erobelz@techcrunch.com
37,CSW115,Cacilia,Marvin,2206883201,3 Reindahl Parkway,cmarvin10@friendfeed.com
38,XHX445,Lelah,Christofol,3099987966,56777 Swallow Junction,lchristofol11@github.com
39,SZI993,Ailsun,Battlestone,7003103629,53089 Kensington Center,abattlestone12@printfriendly.com
40,NVV131,Toby,Beardwell,4588155983,10 Sauthoff Hill,tbeardwell13@wordpress.com
41,BKF396,Clayson,Kedge,5865291704,8252 Ridge Oak Road,ckedge14@sohu.com
42,CMX295,Yankee,Allflatt,6845780402,94098 Debs Plaza,yallflatt15@disqus.com
43,WJS088,Ev,McQuarrie,1746544415,9 Killdeer Plaza,emcquarrie16@ox.ac.uk
44,WKV557,Garret,Brockie,3883814106,51 Beilfuss Hill,gbrockie17@guardian.co.uk
45,PQY016,Cathe,Faherty,8769589420,8 Moland Park,cfaherty18@usda.gov
46,EEV664,Estell,Connal,8403224162,16 Crowley Parkway,econnal19@buzzfeed.com
47,FLV577,Sabra,Gertz,6275505412,6 Ohio Alley,sgertz1a@foxnews.com
48,AOG827,Sunny,Marsden,2458854979,0 Coleman Circle,smarsden1b@surveymonkey.com
49,HAC085,Uriel,MacCardle,5107861135,1081 Waywood Hill,umaccardle1c@discuz.net
50,JXZ014,Vida,Gosswell,8249881537,493 Ridge Oak Lane,vgosswell1d@w3.org
51,KPR816,Gabbey,Parken,5665623720,27 Eastlawn Street,gparken1e@chicagotribune.com
52,PRU786,Alvira,Iannelli,6863570214,43027 Arapahoe Road,aiannelli1f@phpbb.com
53,ALI170,Leslie,McCumskay,1864119107,5371 Bowman Center,lmccumskay1g@icq.com
54,HZR242,Flory,Fauguel,4994481421,06552 High Crossing Way,ffauguel1h@wikia.com
55,WUV912,Giffer,Ilyinski,6464633199,575 Bowman Drive,gilyinski1i@fastcompany.com
56,GBE934,Ava,Janjusevic,8224371557,394 Sunfield Crossing,ajanjusevic1j@gravatar.com
57,CLA468,Rebbecca,Dewdney,3059371768,70 Dapin Drive,rdewdney1k@zdnet.com
58,QPP489,Galina,Corser,2496469521,35494 Dayton Court,gcorser1l@purevolume.com
59,TUM017,Luelle,Cobelli,9227732857,07 Laurel Way,lcobelli1m@goodreads.com
60,KNT525,Emlyn,Mancktelow,8897208770,507 Texas Parkway,emancktelow1n@msu.edu
61,JLP372,Alec,Stopher,7707087855,0 Continental Center,astopher1o@is.gd
62,HUK876,Niall,Jee,6961658712,7412 Hudson Hill,njee1p@squidoo.com
63,CDR172,Darwin,Carse,7087430168,50578 Ridgeview Point,dcarse1q@hao123.com
64,QTD439,Aurelia,McIlriach,1505017994,40 Quincy Circle,amcilriach1r@umn.edu
65,UXQ310,Emory,Cochran,6748321208,0792 Mayer Pass,ecochran1s@slashdot.org
66,GFE302,Eustace,Sore,2004853245,40 Tomscot Drive,esore1t@google.cn
67,XOO610,Darci,Ryman,2463617972,6362 Bartelt Junction,dryman1u@flickr.com
68,DZI789,Jandy,Kempston,8645765577,4 Corry Trail,jkempston1v@rediff.com
69,CBF952,Kalli,Weddeburn - Scrimgeour,3282377554,32 Myrtle Circle,kweddeburnscrimgeour1w@posterous.com
70,KOU960,Lora,Longstreeth,6655232747,95 Stoughton Point,llongstreeth1x@indiatimes.com
71,TJU600,Mersey,St. Pierre,6536350036,515 Union Trail,mstpierre1y@cargocollective.com
72,LNO275,Beau,Outerbridge,5003088605,863 Delladonna Park,bouterbridge1z@discovery.com
73,SPL788,Che,Kovalski,1916764144,4432 Knutson Point,ckovalski20@examiner.com
74,SFS527,Tarrah,Millwall,1038379365,17321 Heath Point,tmillwall21@sciencedaily.com
75,NVD822,Zaccaria,Bloxham,8798581889,97 Brentwood Terrace,zbloxham22@behance.net
76,ROE160,Moritz,Bury,7617717529,11 Evergreen Park,mbury23@java.com
77,JOY958,Sammy,Ellissen,5057228299,43 Badeau Trail,sellissen24@vimeo.com
78,FVX518,Herbie,Gravells,7718034408,9079 Stang Junction,hgravells25@ucoz.ru
79,YWR116,Jere,Dasent,9096047441,1 High Crossing Center,jdasent26@usa.gov
80,JHE186,Abraham,Ferreira,1627549826,1090 Bluejay Trail,aferreira27@mapy.cz
81,YWR781,Letti,Scoggan,9346549188,6158 Toban Hill,lscoggan28@mac.com
82,XBP228,Lewes,Besnardeau,3395595547,15 Maryland Road,lbesnardeau29@virginia.edu
83,PML566,Bailie,Harbert,6486894572,65 Carey Lane,bharbert2a@arstechnica.com
84,RAG901,Annabell,Sargerson,2704989297,928 Monterey Parkway,asargerson2b@cbc.ca
85,XZO922,Christel,Shevelin,7512563654,80 Raven Center,cshevelin2c@shutterfly.com
86,ZAZ559,Carrie,Blacklock,4827318099,61526 Talmadge Court,cblacklock2d@guardian.co.uk
87,MWS760,Aubrie,Mc Meekan,9646100656,93 Golden Leaf Avenue,amcmeekan2e@icq.com
88,HEO083,Niven,Gabbatiss,8532873738,44212 Alpine Park,ngabbatiss2f@virginia.edu
89,XSP074,Deck,Slatten,4518216983,0032 Northridge Drive,dslatten2g@abc.net.au
90,UFH478,Marsha,Cavaney,9404186485,4423 Truax Drive,mcavaney2h@fda.gov
91,ZNN018,Livvy,Wookey,5302905510,6 Canary Way,lwookey2i@a8.net
92,OUO583,Jasun,Settle,7198247361,8 Homewood Circle,jsettle2j@storify.com
93,HLN068,Mavis,Plante,3587933111,23884 New Castle Lane,mplante2k@squidoo.com
94,XGH784,Matilde,Saxby,5965958333,8096 Cardinal Place,msaxby2l@ucsd.edu
95,LBN653,Casey,Emmison,1589171421,7 Pennsylvania Avenue,cemmison2m@discovery.com
96,PVM497,Lind,Soggee,9688126838,56279 Nobel Parkway,lsoggee2n@list-manage.com
97,LHC058,Oralee,Paffley,3256762986,50 Bluejay Street,opaffley2o@reverbnation.com
98,DXR696,Gnni,Von Gladbach,7879935418,2388 Dixon Crossing,gvongladbach2p@cbc.ca
99,BBQ236,Terrance,Farries,8588515953,8 Warner Junction,tfarries2q@abc.net.au
100,CMR758,Milton,Retallick,7575974513,4957 Eggendart Court,mretallick2r@cocolog-nifty.com